<?xml version="1.0" encoding="UTF-8" standalone="no"?><Instrumentos><row><Serie>1546715</Serie><Descripcion>Termometro Manual Marca Hush</Descripcion><Minimo>0</Minimo><Maximo>90</Maximo><Tolerancia>1</Tolerancia></row><row><Serie>2598552</Serie><Descripcion>Barometro de Masa Harrison</Descripcion><Minimo>50</Minimo><Maximo>100</Maximo><Tolerancia>2</Tolerancia></row><row><Serie>1784216</Serie><Descripcion>Termometro Industrial Beck</Descripcion><Minimo>-20</Minimo><Maximo>120</Maximo><Tolerancia>2</Tolerancia></row><row><Serie>123456</Serie><Descripcion>Bureta manual</Descripcion><Minimo>3</Minimo><Maximo>90</Maximo><Tolerancia>2</Tolerancia></row></Instrumentos>